{"cameraMode":{"drawMode":0,"name":"Shaded","section":"Shading Mode"},"sceneLighting":false,"audioPlay":false,"sceneViewState":{"m_AlwaysRefresh":false,"showFog":true,"showSkybox":false,"showFlares":true,"showImageEffects":true,"showParticleSystems":true,"showVisualEffectGraphs":true,"m_FxEnabled":true},"in2DMode":false,"pivot":{"x":-2.4655933380126955,"y":-3.6981914043426515,"z":24.423044204711915},"rotation":{"x":-0.3366076350212097,"y":-0.24134455621242524,"z":0.08969298005104065,"w":-0.9057716727256775},"size":1.0153013467788697,"orthographic":false}