{"cameraMode":{"drawMode":0,"name":"Shaded","section":"Shading Mode"},"sceneLighting":false,"audioPlay":false,"sceneViewState":{"m_AlwaysRefresh":false,"showFog":true,"showSkybox":false,"showFlares":true,"showImageEffects":true,"showParticleSystems":true,"showVisualEffectGraphs":true,"m_FxEnabled":true},"in2DMode":false,"pivot":{"x":-3.8594088554382326,"y":-1.8029284477233887,"z":21.496540069580079},"rotation":{"x":-0.3366076350212097,"y":-0.24134455621242524,"z":0.08969298005104065,"w":-0.9057716727256775},"size":18.519447326660158,"orthographic":false}