{"cameraMode":{"drawMode":0,"name":"Shaded","section":"Shading Mode"},"sceneLighting":false,"audioPlay":false,"sceneViewState":{"m_AlwaysRefresh":false,"showFog":true,"showSkybox":false,"showFlares":true,"showImageEffects":true,"showParticleSystems":true,"showVisualEffectGraphs":true,"m_FxEnabled":true},"in2DMode":false,"pivot":{"x":-3.3438377380371095,"y":3.0794620513916017,"z":-10.890331268310547},"rotation":{"x":0.18996690213680268,"y":0.7227640748023987,"z":-0.2188337743282318,"w":0.6274174451828003},"size":13.839826583862305,"orthographic":false}