{"cameraMode":{"drawMode":0,"name":"Shaded","section":"Shading Mode"},"sceneLighting":false,"audioPlay":false,"sceneViewState":{"m_AlwaysRefresh":false,"showFog":true,"showSkybox":false,"showFlares":true,"showImageEffects":true,"showParticleSystems":true,"showVisualEffectGraphs":true,"m_FxEnabled":true},"in2DMode":false,"pivot":{"x":0.49261534214019778,"y":0.7422870397567749,"z":-1.2566038370132447},"rotation":{"x":0.22384759783744813,"y":0.5487422943115234,"z":-0.15541845560073853,"w":0.7903388142585754},"size":2.4285759925842287,"orthographic":false}