{"cameraMode":{"drawMode":0,"name":"Shaded","section":"Shading Mode"},"sceneLighting":true,"audioPlay":false,"sceneViewState":{"m_AlwaysRefresh":false,"showFog":true,"showSkybox":false,"showFlares":true,"showImageEffects":true,"showParticleSystems":true,"showVisualEffectGraphs":true,"m_FxEnabled":true},"in2DMode":false,"pivot":{"x":219.93923950195313,"y":412.5000305175781,"z":10.977306365966797},"rotation":{"x":0.18772388994693757,"y":0.7090523838996887,"z":-0.20542681217193604,"w":0.6479437351226807},"size":479.4188537597656,"orthographic":false}